"EOD/AMZN", 0.1
"EOD/ADBE", 0.005
"EOD/INTC", 0.005
"EOD/BG", 0.1
"EOD/GLTR", 0.0988944135770489
"EOD/MET", 0.1
"EOD/NEE", 0.1
"EOD/IBM", 0.100000000000001
"EOD/OHI", 0.00500000000000001
"EOD/NKE", 0.00499999999999964
"EOD/AXP", 0.0611055864229496
"EOD/CACI", 0.1
"EOD/CNC", 0.00500000000000017
"EOD/EMR", 0.1
"EOD/LDOS", 0.0999999999999999
"EOD/MDT", 0.00500000000000051
"EOD/MPLX", 0.00499999999999996
"EOD/SO", 0.005
