"EOD/BA", 0.26
"EOD/DIS", 0.0500000000000001
"EOD/HD", 0.0499999999999999
"EOD/MSFT", 0.65
